{"cameraMode":{"drawMode":0,"name":"Shaded","section":"Shading Mode"},"sceneLighting":true,"audioPlay":false,"sceneViewState":{"showFog":true,"showMaterialUpdate":false,"showSkybox":true,"showFlares":true,"showImageEffects":true,"showParticleSystems":true,"showVisualEffectGraphs":true,"m_FxEnabled":true},"in2DMode":false,"pivot":{"x":7.0691070556640629,"y":18.035602569580079,"z":32.10523223876953},"rotation":{"x":0.00462762825191021,"y":-0.9379491806030273,"z":0.34697461128234866,"w":0.014024634845554829},"size":12.124356269836426,"orthographic":false}