{"cameraMode":{"drawMode":0,"name":"Shaded","section":"Shading Mode"},"sceneLighting":true,"audioPlay":false,"sceneViewState":{"showFog":true,"showMaterialUpdate":false,"showSkybox":true,"showFlares":true,"showImageEffects":true,"showParticleSystems":true,"showVisualEffectGraphs":true,"m_FxEnabled":true},"in2DMode":false,"pivot":{"x":-12.431230545043946,"y":-0.6125445365905762,"z":-41.07273483276367},"rotation":{"x":-0.48712629079818728,"y":-0.006027229595929384,"z":0.003364883828908205,"w":-0.8733031749725342},"size":8.530585289001465,"orthographic":false}