{"cameraMode":{"drawMode":0,"name":"Shaded","section":"Shading Mode"},"sceneLighting":false,"audioPlay":false,"sceneViewState":{"showFog":true,"showMaterialUpdate":false,"showSkybox":false,"showFlares":true,"showImageEffects":true,"showParticleSystems":true,"showVisualEffectGraphs":true,"m_FxEnabled":true},"in2DMode":false,"pivot":{"x":-6.550000190734863,"y":1.0380001068115235,"z":-42.112030029296878},"rotation":{"x":-0.48712629079818728,"y":-0.006027229595929384,"z":0.003364883828908205,"w":-0.8733031749725342},"size":1.524744987487793,"orthographic":false}