{"cameraMode":{"drawMode":0,"name":"Shaded","section":"Shading Mode"},"sceneLighting":false,"audioPlay":false,"sceneViewState":{"showFog":true,"showMaterialUpdate":false,"showSkybox":false,"showFlares":true,"showImageEffects":true,"showParticleSystems":true,"showVisualEffectGraphs":true,"m_FxEnabled":true},"in2DMode":false,"pivot":{"x":-6.550000190734863,"y":1.0380001068115235,"z":-42.112030029296878},"rotation":{"x":0.030601374804973604,"y":-0.9693160057067871,"z":0.16470052301883698,"w":0.17999868094921113},"size":2.191818952560425,"orthographic":false}